threshold,dice,iou,precision,recall,specificity,pred_prevalence,zero_pred_ratio
0.05,0.5884742533836541,0.43006253665434635,0.4906008080240071,0.7592465012880963,0.992702073025246,0.015491452856132617,0.0
0.1,0.6186281641035115,0.4607521644011655,0.5455819033110878,0.7328124286104211,0.9944552705581065,0.013481987855182244,0.0
0.15,0.6324629065559069,0.4750485450277564,0.5779888626710302,0.7142858670379729,0.9953162912780946,0.012435652315616608,0.0
0.2,0.6402028146191951,0.48281050171858114,0.6013480101935049,0.6988890199735904,0.9958714090391493,0.011717706703795837,0.0
0.25,0.6454580834411824,0.488060605786241,0.619865267322271,0.6865908784718662,0.9962721610257822,0.01118664862588048,0.0
0.3,0.6493016829219608,0.49187941566066223,0.6362989566806742,0.6754680332041842,0.9965988575441005,0.010738144592883496,0.0
0.35,0.6524383898047087,0.4949504125542957,0.651853145921703,0.6651723943266435,0.996885779048879,0.010338807800927987,0.0
0.4,0.6542414585597028,0.496748530158949,0.6650695523267294,0.6554953369855332,0.9971209007802938,0.010001027526763769,0.0
0.45,0.6555460979285601,0.49803002652493694,0.6777801610988381,0.646064218497751,0.9973361596789326,0.009684505550047526,0.0
0.5,0.6562334286928355,0.49854127891897293,0.6900939795434078,0.6364941882568538,0.9975321334799112,0.009384546608019333,0.0
0.55,0.6560130097639567,0.4981576055720077,0.7014330529665045,0.6266696476343557,0.9977079725391772,0.009100889643797508,0.0
0.6,0.655167230173505,0.4969664677946411,0.7127316042065581,0.616473270754009,0.997874185031466,0.008821797145244021,0.0
0.65,0.6540113881841528,0.49549221467586235,0.7246778603120909,0.6058922583270425,0.9980392813621748,0.008538401112533532,0.0
0.7,0.6522692519926855,0.4932848585222497,0.7383194720018827,0.593745397655937,0.9982172798995808,0.008221618132665753,0.0
0.75,0.6481054348858051,0.488439930879211,0.7516130275410913,0.5787423044834882,0.9983897305272349,0.007875882590619417,0.0
0.8,0.6417257375008998,0.4812001278638005,0.7661481690671594,0.5608056515949313,0.9985700221868077,0.0074867183844057415,0.0
0.85,0.6313358251461406,0.46972491200105476,0.7824710654682872,0.537524119679614,0.9987703121457945,0.0070014366378577855,0.0
0.9,0.6140369546054794,0.4514759830888021,0.8024585636071975,0.5053394248472552,0.998994244014277,0.006398649259398763,0.0
0.95,0.5766110486115438,0.4143576674771873,0.8296381732865896,0.4500213101954582,0.9992856629540134,0.005469558491873054,0.02
