checkpoint,epoch,layer_group,num_params,nan_count,inf_count,l2_norm,max_abs,mean,std
E19_BEST,19,encoder,21295460,0,0,18893.712890625,1254.0,0.05001773312687874,4.09406852722168
E19_BEST,19,decoder,1870592,0,0,41.80084991455078,1.1444464921951294,0.0003359445254318416,0.030562564730644226
E19_BEST,19,segmentation_head,129,0,0,0.5420712828636169,0.10977707803249359,-0.004109234549105167,0.04773486405611038
E19_BEST,19,aux_heads,516,0,0,1.6782922744750977,0.21167881786823273,-0.022444723173975945,0.0704592689871788
E19_BEST,19,all_student,23166697,0,0,18893.712890625,1254.0,0.046004265546798706,3.925276279449463
E19_BEST,19,all_teacher,23166697,0,0,200.51390075683594,1.1447157859802246,-0.0010736568365246058,0.04175807908177376
E22_LATEST,22,encoder,21295460,0,0,22707.4296875,1452.0,0.06198296323418617,4.92041015625
E22_LATEST,22,decoder,1870592,0,0,42.513893127441406,1.1434468030929565,0.00022012146655470133,0.031085046008229256
E22_LATEST,22,segmentation_head,129,0,0,0.5455842614173889,0.11136958748102188,-0.003229627152904868,0.048114169389009476
E22_LATEST,22,aux_heads,516,0,0,1.7197537422180176,0.21610070765018463,-0.021067030727863312,0.07278832048177719
E22_LATEST,22,all_student,23166697,0,0,22707.4296875,1452.0,0.056993722915649414,4.717547416687012
E22_LATEST,22,all_teacher,23166697,0,0,205.35691833496094,1.153117299079895,-0.0012616888852789998,0.042756058275699615
