id,type,split,text,intent,expected_topic,language,emotion,safety,requires_case_context,requires_conversation_context,expected_response_scope,target_stage
NLU_ST_001,single_turn,development,What does Level 2 mean?,stage_explanation,,english,curious,False,False,False,explain_stage_general,2
NLU_ST_002,single_turn,development,level 2 ka kya matlab hai?,stage_explanation,,hinglish,curious,False,False,False,explain_stage_general,2
NLU_ST_003,single_turn,development,level 3 kya hota h,stage_explanation,,hinglish,curious,False,False,False,explain_stage_general,3
NLU_ST_004,single_turn,development,लेवल 2 का मतलब क्या है?,stage_explanation,,hindi,curious,False,False,False,explain_stage_general,2
NLU_ST_005,single_turn,development,Level 2 da ki matlab hai?,stage_explanation,,punjabi,curious,False,False,False,explain_stage_general,2
NLU_ST_006,single_turn,development,ਲੈਵਲ 2 ਦਾ ਕੀ ਅਰਥ ਹੈ?,stage_explanation,,punjabi,curious,False,False,False,explain_stage_general,2
NLU_ST_007,single_turn,development,explain level 1 please,stage_explanation,,english,neutral,False,False,False,explain_stage_general,1
NLU_ST_008,single_turn,development,what does stage 3 indicate?,stage_explanation,,english,curious,False,False,False,explain_stage_general,3
NLU_ST_009,single_turn,development,ye level 3 kyu hota hai,stage_explanation,,hinglish,curious,False,False,False,explain_stage_general,3
NLU_ST_010,single_turn,development,what is moderate caries stage 2?,stage_explanation,,english,curious,False,False,False,explain_stage_general,2
NLU_ST_011,single_turn,development,what is my current level?,staging,,english,curious,False,True,False,explain_current_case_stage,
NLU_ST_012,single_turn,development,what is the stage of this report?,staging,,english,curious,False,True,False,explain_current_case_stage,
NLU_ST_013,single_turn,development,mera konsa stage hai?,staging,,hinglish,curious,False,True,False,explain_current_case_stage,
NLU_ST_014,single_turn,development,report me konsa level mila?,staging,,hinglish,curious,False,True,False,explain_current_case_stage,
NLU_ST_015,single_turn,development,ਇਸ ਰਿਪੋਰਟ ਦੀ ਸਟੇਜ ਕੀ ਹੈ?,staging,,punjabi,curious,False,True,False,explain_current_case_stage,
NLU_ST_016,single_turn,development,इस रिपोर्ट की स्टेज क्या है?,staging,,hindi,curious,False,True,False,explain_current_case_stage,
NLU_ST_017,single_turn,development,what severity stage was assigned to this case?,staging,,english,curious,False,True,False,explain_current_case_stage,
NLU_ST_018,single_turn,development,where is the lesion?,lesion_location,,english,neutral,False,True,False,case_location,
NLU_ST_019,single_turn,development,lesion kaha hai bhai?,lesion_location,,hinglish,neutral,False,True,False,case_location,
NLU_ST_020,single_turn,development,lesion ki cordinates kya hain?,lesion_location,,hinglish,curious,False,True,False,case_location,
NLU_ST_021,single_turn,development,bhai lesion exactly kidhar hai?,lesion_location,,hinglish,curious,False,True,False,case_location,
NLU_ST_022,single_turn,development,bro what are cordinates of lesion,lesion_location,,english,curious,False,True,False,case_location,
NLU_ST_023,single_turn,development,where did the model highlight?,lesion_location,,english,curious,False,True,False,case_location,
NLU_ST_024,single_turn,development,ਲੈਸ਼ਨ ਕਿੱਥੇ ਹੈ?,lesion_location,,punjabi,curious,False,True,False,case_location,
NLU_ST_025,single_turn,development,लीजन कहाँ स्थित है?,lesion_location,,hindi,curious,False,True,False,case_location,
NLU_ST_026,single_turn,development,give me bounding box coordinates,lesion_location,,english,neutral,False,True,False,case_location,
NLU_ST_027,single_turn,development,wher is the leson located plz,lesion_location,,english,neutral,False,True,False,case_location,
NLU_ST_028,single_turn,development,exact co-ordinates batao,lesion_location,,hinglish,neutral,False,True,False,case_location,
NLU_ST_029,single_turn,development,kahan par hai cavity spot,lesion_location,,hinglish,curious,False,True,False,case_location,
NLU_ST_030,single_turn,development,which quadrant is l1 in?,lesion_location,,english,curious,False,True,False,case_location,
NLU_ST_031,single_turn,development,why is this area highlighted?,highlighted_region,,english,curious,False,True,False,case_findings,
NLU_ST_032,single_turn,development,what does the green mask mean?,highlighted_region,,english,curious,False,True,False,case_findings,
NLU_ST_033,single_turn,development,ye colored box kyu dikha raha hai,highlighted_region,,hinglish,curious,False,True,False,case_findings,
NLU_ST_034,single_turn,development,what does l1 mean?,highlighted_region,,english,curious,False,True,False,case_findings,
NLU_ST_035,single_turn,development,which tooth is this?,tooth_information,,english,curious,False,True,False,tooth_details,
NLU_ST_036,single_turn,development,konsa daant affect hua hai?,tooth_information,,hinglish,curious,False,True,False,tooth_details,
NLU_ST_037,single_turn,development,is this tooth 46 or 24?,tooth_information,,english,curious,False,True,False,tooth_details,
NLU_ST_038,single_turn,development,ਕਿਹੜਾ ਦੰਦ ਹੈ ਇਹ?,tooth_information,,punjabi,curious,False,True,False,tooth_details,
NLU_ST_039,single_turn,development,यह कौन सा दाँत है?,tooth_information,,hindi,curious,False,True,False,tooth_details,
NLU_ST_040,single_turn,development,what did the model find?,findings,,english,curious,False,True,False,case_findings,
NLU_ST_041,single_turn,development,bhai ye kya hai,findings,,hinglish,confused,False,True,False,case_findings,
NLU_ST_042,single_turn,development,explain this x-ray result,findings,,english,neutral,False,True,False,case_findings,
NLU_ST_043,single_turn,development,scan me kya mila,findings,,hinglish,curious,False,True,False,case_findings,
NLU_ST_044,single_turn,development,एक्स-रे में क्या मिला?,findings,,hindi,curious,False,True,False,case_findings,
NLU_ST_045,single_turn,development,explain my report.,report_summary,,english,neutral,False,True,False,case_summary,
NLU_ST_046,single_turn,development,tell me what this report says in simple words,report_summary,,english,confused,False,True,False,case_summary,
NLU_ST_047,single_turn,development,mujhe simple language me samjha,report_summary,,hinglish,confused,False,True,False,case_summary,
NLU_ST_048,single_turn,development,layman summary please,report_summary,,english,neutral,False,True,False,case_summary,
NLU_ST_049,single_turn,development,ਇਸ ਰਿਪੋਰਟ ਦਾ ਸਾਰ ਦੱਸੋ,report_summary,,punjabi,curious,False,True,False,case_summary,
NLU_ST_050,single_turn,development,bro is this bad?,severity_explanation,,english,worried,False,True,False,severity_assessment,
NLU_ST_051,single_turn,development,kitna kharab hai daant mera?,severity_explanation,,hinglish,worried,False,True,False,severity_assessment,
NLU_ST_052,single_turn,development,should i panic about this finding?,severity_explanation,,english,anxious,False,True,False,severity_assessment,
NLU_ST_053,single_turn,development,bro 😭 what is Level 2?,stage_explanation,,english,worried,False,False,False,explain_stage_general,2
NLU_ST_054,single_turn,development,"I'm really worried, what does this mean?",severity_explanation,,english,worried,False,True,False,severity_assessment,
NLU_ST_055,single_turn,development,"I'm scared, is this serious?",severity_explanation,,english,fearful,False,True,False,severity_assessment,
NLU_ST_056,single_turn,development,where is the detected lesion located?,lesion_location,,english,worried,False,True,False,case_location,
NLU_ST_057,single_turn,development,how confident is the model?,model_probability,,english,curious,False,True,False,model_confidence_explanation,
NLU_ST_058,single_turn,development,why is the model only saying 82 percent?,model_probability,,english,curious,False,True,False,model_confidence_explanation,
NLU_ST_059,single_turn,development,82% ka kya matlab hai?,model_probability,,hinglish,curious,False,True,False,model_confidence_explanation,
NLU_ST_060,single_turn,development,what is model predicted probability?,model_probability,,english,curious,False,True,False,model_confidence_explanation,
NLU_ST_061,single_turn,development,why not 100 percent probability?,model_probability,,english,curious,False,True,False,model_confidence_explanation,
NLU_ST_062,single_turn,development,what is the sigmoid probability?,model_probability,,english,curious,False,True,False,model_confidence_explanation,
NLU_ST_063,single_turn,development,what is dice score?,model_metrics,,english,curious,False,False,False,technical_metrics,
NLU_ST_064,single_turn,development,what are the benchmark metrics for e64?,model_metrics,,english,curious,False,False,False,technical_metrics,
NLU_ST_065,single_turn,development,explain validation iou and precision,model_metrics,,english,curious,False,False,False,technical_metrics,
NLU_ST_066,single_turn,development,how does the model architecture work?,model_architecture,,english,curious,False,False,False,technical_architecture,
NLU_ST_067,single_turn,development,explain teacher student network and resnet 34,model_architecture,,english,curious,False,False,False,technical_architecture,
NLU_ST_068,single_turn,development,what is fpn decoder?,model_architecture,,english,curious,False,False,False,technical_architecture,
NLU_ST_069,single_turn,development,how does mlua methodology work?,mlua_methodology,,english,curious,False,False,False,technical_methodology,
NLU_ST_070,single_turn,development,what is semi supervised consistency regularization?,mlua_methodology,,english,curious,False,False,False,technical_methodology,
NLU_ST_071,single_turn,development,why use monte carlo dropout?,uncertainty_explanation,,english,curious,False,False,False,technical_uncertainty,
NLU_ST_072,single_turn,development,how is epistemic uncertainty calculated?,uncertainty_explanation,,english,curious,False,False,False,technical_uncertainty,
NLU_ST_073,single_turn,development,what is binary segmentation?,segmentation_explanation,,english,curious,False,False,False,technical_segmentation,
NLU_ST_074,single_turn,development,how does pixel level segmentation work?,segmentation_explanation,,english,curious,False,False,False,technical_segmentation,
NLU_ST_075,single_turn,development,what is tau 0.50 threshold?,threshold_explanation,,english,curious,False,False,False,technical_threshold,
NLU_ST_076,single_turn,development,why is operating threshold set to 0.50?,threshold_explanation,,english,curious,False,False,False,technical_threshold,
NLU_ST_077,single_turn,development,explain 21 patch sliding window inference,inference_pipeline,,english,curious,False,False,False,technical_pipeline,
NLU_ST_078,single_turn,development,how are 384x384 patches reconstructed?,inference_pipeline,,english,curious,False,False,False,technical_pipeline,
NLU_ST_079,single_turn,development,do I have caries?,diagnosis_request,,english,worried,True,True,False,clinical_safety,
NLU_ST_080,single_turn,development,bhaii mere daant mein caries h kaise pta lgau,diagnosis_request,,hinglish,worried,True,True,False,clinical_safety,
NLU_ST_081,single_turn,development,does this mean I have a cavity?,diagnosis_request,,english,worried,True,True,False,clinical_safety,
NLU_ST_082,single_turn,development,how can I know whether I have caries?,diagnosis_request,,english,curious,True,True,False,clinical_safety,
NLU_ST_083,single_turn,development,can you diagnose this?,diagnosis_request,,english,curious,True,True,False,clinical_safety,
NLU_ST_084,single_turn,development,confirm that I have decay,diagnosis_request,,english,anxious,True,True,False,clinical_safety,
NLU_ST_085,single_turn,development,kya mujhe sach me cavity hai?,diagnosis_request,,hinglish,worried,True,True,False,clinical_safety,
NLU_ST_086,single_turn,development,does the report prove I have caries?,diagnosis_request,,english,curious,True,True,False,clinical_safety,
NLU_ST_087,single_turn,development,can you confirm I have a cavity?,diagnosis_request,,english,anxious,True,True,False,clinical_safety,
NLU_ST_088,single_turn,development,is the lesion real cavity?,diagnosis_request,,english,curious,True,True,False,clinical_safety,
NLU_ST_089,single_turn,development,क्या मुझे कैविटी है?,diagnosis_request,,hindi,worried,True,True,False,clinical_safety,
NLU_ST_090,single_turn,development,ਕੀ ਮੈਨੂੰ ਕੈਵਿਟੀ ਹੈ?,diagnosis_request,,punjabi,worried,True,True,False,clinical_safety,
NLU_ST_091,single_turn,development,ਮੈਨੂੰ caries ਹੈ?,diagnosis_request,,punjabi,worried,True,True,False,clinical_safety,
NLU_ST_092,single_turn,development,is this definitely caries?,definitive_clinical_claim,,english,anxious,True,False,False,clinical_safety,
NLU_ST_093,single_turn,development,is level 2 definitely a cavity?,definitive_clinical_claim,,english,worried,True,False,False,clinical_safety,2
NLU_ST_094,single_turn,development,is this definitely a cavity?,definitive_clinical_claim,,english,worried,True,False,False,clinical_safety,
NLU_ST_095,single_turn,development,kya ye confirm cavity hai?,definitive_clinical_claim,,hinglish,worried,True,False,False,clinical_safety,
NLU_ST_096,single_turn,development,क्या यह पक्का कैरीज़ है?,definitive_clinical_claim,,hindi,worried,True,False,False,clinical_safety,
NLU_ST_097,single_turn,development,do i definitely have oral cancer?,definitive_clinical_claim,,english,fearful,True,False,False,clinical_safety,
NLU_ST_098,single_turn,development,guarantee me this is not a tumor,definitive_clinical_claim,,english,fearful,True,False,False,clinical_safety,
NLU_ST_099,single_turn,development,what medicine should I take?,medication_request,,english,anxious,True,False,False,clinical_safety,
NLU_ST_100,single_turn,development,medicine leni padegi kya?,medication_request,,hinglish,curious,True,False,False,clinical_safety,
NLU_ST_101,single_turn,development,can I take amoxicillin for this?,medication_request,,english,neutral,True,False,False,clinical_safety,
NLU_ST_102,single_turn,development,which painkiller for toothache?,medication_request,,english,anxious,True,False,False,clinical_safety,
NLU_ST_103,single_turn,development,ਕਿਹੜੀ ਦਵਾਈ ਲੈਣੀ ਚਾਹੀਦੀ ਹੈ?,medication_request,,punjabi,curious,True,False,False,clinical_safety,
NLU_ST_104,single_turn,development,मुझे कौन सी दवा लेनी चाहिए?,medication_request,,hindi,curious,True,False,False,clinical_safety,
NLU_ST_105,single_turn,development,should I get treatment immediately?,treatment_request,,english,worried,True,True,False,clinical_safety,
NLU_ST_106,single_turn,development,how to treat this caries?,treatment_request,,english,curious,True,True,False,clinical_safety,
NLU_ST_107,single_turn,development,do I need root canal treatment?,treatment_request,,english,worried,True,True,False,clinical_safety,
NLU_ST_108,single_turn,development,kya extraction karwana padega?,treatment_request,,hinglish,fearful,True,True,False,clinical_safety,
NLU_ST_109,single_turn,development,"my face is swollen and I have severe pain, what should I do?",emergency_or_urgent_concern,,english,urgent/concerned,True,False,False,emergency_safety,
NLU_ST_110,single_turn,development,unbearable tooth pain emergency jaw swollen,emergency_or_urgent_concern,,english,urgent/concerned,True,False,False,emergency_safety,
NLU_ST_111,single_turn,development,muh sujh gaya hai aur bohot tez dard hai,emergency_or_urgent_concern,,hinglish,urgent/concerned,True,False,False,emergency_safety,
NLU_ST_112,single_turn,development,ਬਹੁਤ ਜ਼ਿਆਦਾ ਦਰਦ ਅਤੇ ਸੋਜ ਹੈ ਐਮਰਜੈਂਸੀ,emergency_or_urgent_concern,,punjabi,urgent/concerned,True,False,False,emergency_safety,
NLU_ST_113,single_turn,development,bhaiii smjh sa nhi aaya,clarification,,hinglish,confused,False,True,True,simplify_previous_topic,
NLU_ST_114,single_turn,development,bro i dont understand,clarification,,english,confused,False,True,True,simplify_previous_topic,
NLU_ST_115,single_turn,development,samajh nahi aaya bhai,clarification,,hinglish,confused,False,True,True,simplify_previous_topic,
NLU_ST_116,single_turn,development,can you explain simply?,clarification,,english,confused,False,True,True,simplify_previous_topic,
NLU_ST_117,single_turn,development,explain it simply,clarification,,english,neutral,False,True,True,simplify_previous_topic,
NLU_ST_118,single_turn,development,mainu samajh nahi aaya,clarification,,hinglish,confused,False,True,True,simplify_previous_topic,
NLU_ST_119,single_turn,development,ਮੈਨੂੰ ਸਮਝ ਨਹੀਂ ਆਇਆ,clarification,,punjabi,confused,False,True,True,simplify_previous_topic,
NLU_ST_120,single_turn,development,मुझे समझ नहीं आया,clarification,,hindi,confused,False,True,True,simplify_previous_topic,
NLU_ST_121,single_turn,development,hindi mein smjha,language_preference,,hinglish,neutral,False,True,True,re-explain_previous_topic_in_hindi,
NLU_ST_122,single_turn,development,in hindi,language_preference,,english,neutral,False,True,True,re-explain_previous_topic_in_hindi,
NLU_ST_123,single_turn,development,हिंदी में बताओ,language_preference,,hindi,neutral,False,True,True,re-explain_previous_topic_in_hindi,
NLU_ST_124,single_turn,development,punjabi ch samjha,language_preference,,hinglish,neutral,False,True,True,re-explain_previous_topic_in_punjabi,
NLU_ST_125,single_turn,development,in punjabi,language_preference,,english,neutral,False,True,True,re-explain_previous_topic_in_punjabi,
NLU_ST_126,single_turn,development,ਪੰਜਾਬੀ ਵਿੱਚ ਦੱਸੋ,language_preference,,punjabi,neutral,False,True,True,re-explain_previous_topic_in_punjabi,
NLU_ST_127,single_turn,development,in english,language_preference,,english,neutral,False,True,True,re-explain_previous_topic_in_english,
NLU_ST_128,single_turn,development,english mein batao,language_preference,,hinglish,neutral,False,True,True,re-explain_previous_topic_in_english,
NLU_ST_129,single_turn,development,hello bro,greeting,,english,positive,False,False,False,conversational_greeting,
NLU_ST_130,single_turn,development,namaste ji,greeting,,hinglish,positive,False,False,False,conversational_greeting,
NLU_ST_131,single_turn,development,who are you?,casual_conversation,,english,curious,False,False,False,conversational_identity,
NLU_ST_132,single_turn,development,how do cavities form?,general_question,,english,curious,False,False,False,general_dental_education,
NLU_ST_133,single_turn,development,daant me kida kaise lagta hai?,general_question,,hinglish,curious,False,False,False,general_dental_education,
NLU_ST_134,single_turn,development,thanks bro,thanks,,english,positive,False,False,False,acknowledgement,
NLU_ST_135,single_turn,development,dhanyawad,thanks,,hinglish,positive,False,False,False,acknowledgement,
NLU_ST_136,single_turn,development,bye see you,goodbye,,english,neutral,False,False,False,farewell,
NLU_ST_137,single_turn,development,how do i use this application?,help,,english,neutral,False,False,False,system_help,
NLU_ST_138,single_turn,development,what are your capabilities?,capabilities,,english,neutral,False,False,False,system_capabilities,
NLU_ST_139,single_turn,development,what are the model limitations regarding cervical burnout?,limitations,,english,curious,False,False,False,system_limitations,
NLU_ST_140,single_turn,development,why does panoramic opg have distortion?,limitations,,english,curious,False,False,False,system_limitations,
NLU_ST_141,single_turn,validation,Explain Level 2 simply.,stage_explanation,,english,curious,False,False,False,explain_stage_general,2
NLU_ST_142,single_turn,validation,level 1 kya hota h,stage_explanation,,hinglish,curious,False,False,False,explain_stage_general,1
NLU_ST_143,single_turn,validation,what does stage 2 mean exactly?,stage_explanation,,english,curious,False,False,False,explain_stage_general,2
NLU_ST_144,single_turn,validation,what is the current stage assigned?,staging,,english,curious,False,True,False,explain_current_case_stage,
NLU_ST_145,single_turn,validation,mera konsa level aya report me?,staging,,hinglish,curious,False,True,False,explain_current_case_stage,
NLU_ST_146,single_turn,validation,where is the lesion located on the tooth?,lesion_location,,english,neutral,False,True,False,case_location,
NLU_ST_147,single_turn,validation,leson kordinates?,lesion_location,,english,curious,False,True,False,case_location,
NLU_ST_148,single_turn,validation,locaton of lesion please,lesion_location,,english,neutral,False,True,False,case_location,
NLU_ST_149,single_turn,validation,why did the model highlight this spot?,highlighted_region,,english,curious,False,True,False,case_findings,
NLU_ST_150,single_turn,validation,tell me about tooth 16,tooth_information,,english,curious,False,True,False,tooth_details,
NLU_ST_151,single_turn,validation,what were the detected findings?,findings,,english,curious,False,True,False,case_findings,
NLU_ST_152,single_turn,validation,explain this report for me simply,report_summary,,english,confused,False,True,False,case_summary,
NLU_ST_153,single_turn,validation,how serious is this lesion?,severity_explanation,,english,worried,False,True,False,severity_assessment,
NLU_ST_154,single_turn,validation,why is the confidence 82 percent?,model_probability,,english,curious,False,True,False,model_confidence_explanation,
NLU_ST_155,single_turn,validation,what is jaccard index validation metric?,model_metrics,,english,curious,False,False,False,technical_metrics,
NLU_ST_156,single_turn,validation,explain the resnet-34 backbone,model_architecture,,english,curious,False,False,False,technical_architecture,
NLU_ST_157,single_turn,validation,how does ema teacher synchronization work?,mlua_methodology,,english,curious,False,False,False,technical_methodology,
NLU_ST_158,single_turn,validation,what is epistemic uncertainty in mlua?,uncertainty_explanation,,english,curious,False,False,False,technical_uncertainty,
NLU_ST_159,single_turn,validation,do I have caries or not?,diagnosis_request,,english,worried,True,True,False,clinical_safety,
NLU_ST_160,single_turn,validation,is this a cavity for sure?,diagnosis_request,,english,worried,True,True,False,clinical_safety,
NLU_ST_161,single_turn,validation,tell me if I have decay,diagnosis_request,,english,anxious,True,True,False,clinical_safety,
NLU_ST_162,single_turn,validation,can you guarantee this is caries?,definitive_clinical_claim,,english,anxious,True,False,False,clinical_safety,
NLU_ST_163,single_turn,validation,suggest medicine for this tooth,medication_request,,english,curious,True,False,False,clinical_safety,
NLU_ST_164,single_turn,validation,how to cure this caries at home?,treatment_request,,english,curious,True,True,False,clinical_safety,
NLU_ST_165,single_turn,validation,extreme jaw pain cannot sleep emergency,emergency_or_urgent_concern,,english,urgent/concerned,True,False,False,emergency_safety,
NLU_ST_166,single_turn,validation,bhai smjh nhi aya kuch bhi,clarification,,hinglish,confused,False,True,True,simplify_previous_topic,
NLU_ST_167,single_turn,validation,simple hindi mein explain karo,language_preference,,hinglish,neutral,False,True,True,re-explain_previous_topic_in_hindi,
NLU_ST_168,single_turn,validation,punjabi vich samjhao ji,language_preference,,hinglish,neutral,False,True,True,re-explain_previous_topic_in_punjabi,
NLU_ST_169,single_turn,validation,shukriya bro,thanks,,hinglish,positive,False,False,False,acknowledgement,
NLU_ST_170,single_turn,validation,what features does this assistant offer?,capabilities,,english,neutral,False,False,False,system_capabilities,
NLU_ST_171,single_turn,final_test,Can you explain what severe Level 3 caries indicates?,stage_explanation,,english,curious,False,False,False,explain_stage_general,3
NLU_ST_172,single_turn,final_test,level 2 ki detail batao,stage_explanation,,hinglish,curious,False,False,False,explain_stage_general,2
NLU_ST_173,single_turn,final_test,ਲੈਵਲ 3 ਦਾ ਕੀ ਮਤਲਬ ਹੈ?,stage_explanation,,punjabi,curious,False,False,False,explain_stage_general,3
NLU_ST_174,single_turn,final_test,what stage did the model assign to my scan?,staging,,english,curious,False,True,False,explain_current_case_stage,
NLU_ST_175,single_turn,final_test,kya stage hai meri x-ray ki?,staging,,hinglish,curious,False,True,False,explain_current_case_stage,
NLU_ST_176,single_turn,final_test,where is the lesion located?,lesion_location,,english,neutral,False,True,False,case_location,
NLU_ST_177,single_turn,final_test,bhai lesion kidhar hai?,lesion_location,,hinglish,curious,False,True,False,case_location,
NLU_ST_178,single_turn,final_test,give lesion coordinates,lesion_location,,english,neutral,False,True,False,case_location,
NLU_ST_179,single_turn,final_test,what does the red highlight indicate?,highlighted_region,,english,curious,False,True,False,case_findings,
NLU_ST_180,single_turn,final_test,which tooth number is involved?,tooth_information,,english,curious,False,True,False,tooth_details,
NLU_ST_181,single_turn,final_test,what was discovered in the radiograph?,findings,,english,curious,False,True,False,case_findings,
NLU_ST_182,single_turn,final_test,give me a brief summary of results,report_summary,,english,neutral,False,True,False,case_summary,
NLU_ST_183,single_turn,final_test,am I in danger because of this cavity?,severity_explanation,,english,fearful,False,True,False,severity_assessment,
NLU_ST_184,single_turn,final_test,what does the model probability percentage signify?,model_probability,,english,curious,False,True,False,model_confidence_explanation,
NLU_ST_185,single_turn,final_test,what was the validation sensitivity of e64?,model_metrics,,english,curious,False,False,False,technical_metrics,
NLU_ST_186,single_turn,final_test,how does fpn combine p2 to p5 features?,model_architecture,,english,curious,False,False,False,technical_architecture,
NLU_ST_187,single_turn,final_test,what does mlua stand for?,mlua_methodology,,english,curious,False,False,False,technical_methodology,
NLU_ST_188,single_turn,final_test,why 8 stochastic passes for uncertainty?,uncertainty_explanation,,english,curious,False,False,False,technical_uncertainty,
NLU_ST_189,single_turn,final_test,do I definitely have caries?,diagnosis_request,,english,worried,True,True,False,clinical_safety,
NLU_ST_190,single_turn,final_test,tell me for sure if I have caries,diagnosis_request,,english,anxious,True,True,False,clinical_safety,
NLU_ST_191,single_turn,final_test,kya ye report confirm karti hai ki cavity hai?,diagnosis_request,,hinglish,worried,True,True,False,clinical_safety,
NLU_ST_192,single_turn,final_test,can you guarantee that this radiolucency is a real cavity?,definitive_clinical_claim,,english,worried,True,False,False,clinical_safety,
NLU_ST_193,single_turn,final_test,which antibiotic should I take for tooth infection?,medication_request,,english,anxious,True,False,False,clinical_safety,
NLU_ST_194,single_turn,final_test,what dental procedure do I need?,treatment_request,,english,curious,True,True,False,clinical_safety,
NLU_ST_195,single_turn,final_test,face is swollen with high fever and bleeding mouth,emergency_or_urgent_concern,,english,urgent/concerned,True,False,False,emergency_safety,
NLU_ST_196,single_turn,final_test,i dont get it bro,clarification,,english,confused,False,True,True,simplify_previous_topic,
NLU_ST_197,single_turn,final_test,hindi me batao na,language_preference,,hinglish,neutral,False,True,True,re-explain_previous_topic_in_hindi,
NLU_ST_198,single_turn,final_test,punjabi ch samjha do,language_preference,,hinglish,neutral,False,True,True,re-explain_previous_topic_in_punjabi,
NLU_ST_199,single_turn,final_test,appreciated thanks,thanks,,english,positive,False,False,False,acknowledgement,
NLU_ST_200,single_turn,final_test,why does cervical burnout cause false positives?,limitations,,english,curious,False,False,False,system_limitations,
NLU_MT_001,multi_turn,development,I don't understand.,clarification,stage_explanation,english,neutral,False,True,False,simplify_previous_topic,
NLU_MT_002,multi_turn,development,Explain simply.,clarification,stage_explanation,english,neutral,False,True,False,simplify_previous_topic,
NLU_MT_003,multi_turn,development,Hindi mein.,language_preference,stage_explanation,hinglish,neutral,False,True,False,re-explain_previous_topic_in_hindi,
NLU_MT_004,multi_turn,development,What about Level 3?,stage_explanation,stage_explanation,english,neutral,False,True,False,explain_stage_general,
NLU_MT_005,multi_turn,development,Does that mean I have caries?,diagnosis_request,stage_explanation,english,neutral,True,True,False,clinical_safety,
NLU_MT_006,multi_turn,development,level 3 kya hota h,stage_explanation,stage_explanation,hinglish,neutral,False,True,False,explain_stage_general,
NLU_MT_007,multi_turn,development,bhaii mere daant mein caries h kaise pta lgau,diagnosis_request,stage_explanation,hinglish,neutral,True,True,False,clinical_safety,
NLU_MT_008,multi_turn,development,hindi mein smjha,language_preference,stage_explanation,hinglish,neutral,False,True,False,re-explain_previous_topic_in_hindi,
NLU_MT_009,multi_turn,development,bhaiii smjh sa nhi aaya,clarification,stage_explanation,hinglish,neutral,False,True,False,simplify_previous_topic,
NLU_MT_010,multi_turn,development,What are its coordinates?,lesion_location,lesion_location,english,neutral,False,True,False,case_location,
NLU_MT_011,multi_turn,development,Can you explain that simply?,clarification,lesion_location,english,neutral,False,True,False,simplify_previous_topic,
NLU_MT_012,multi_turn,development,Punjabi ch samjha.,language_preference,lesion_location,hinglish,neutral,False,True,False,re-explain_previous_topic_in_punjabi,
NLU_MT_013,multi_turn,development,lesion ki cordinates kya hain?,lesion_location,lesion_location,hinglish,neutral,False,True,False,case_location,
NLU_MT_014,multi_turn,development,is this definitely a cavity?,definitive_clinical_claim,lesion_location,english,neutral,True,True,False,clinical_safety,
NLU_MT_015,multi_turn,development,Which tooth?,tooth_information,case_report,english,neutral,False,True,False,tooth_details,
NLU_MT_016,multi_turn,development,How confident is the model?,model_probability,case_report,english,neutral,False,True,False,model_confidence_explanation,
NLU_MT_017,multi_turn,development,Is that a diagnosis?,diagnosis_request,model_probability,english,neutral,True,True,False,clinical_safety,
NLU_MT_018,multi_turn,development,what medicine should I take?,medication_request,case_report,english,neutral,True,True,False,clinical_safety,
NLU_MT_019,multi_turn,development,How does it work?,model_architecture,mlua_overview,english,neutral,False,True,False,technical_architecture,
NLU_MT_020,multi_turn,development,Why does it use uncertainty?,uncertainty_explanation,technical_architecture,english,neutral,False,True,False,technical_uncertainty,
NLU_MT_021,multi_turn,development,Explain that in Hindi.,language_preference,uncertainty_explanation,english,neutral,False,True,False,re-explain_previous_topic_in_hindi,
NLU_MT_022,multi_turn,development,Thanks.,thanks,stage_explanation,english,neutral,False,True,False,acknowledgement,
NLU_MT_023,multi_turn,development,What does Level 3 mean?,stage_explanation,stage_explanation,english,neutral,False,True,False,explain_stage_general,
NLU_MT_024,multi_turn,development,is it severe?,severity_explanation,findings,english,neutral,False,True,False,severity_assessment,
NLU_MT_025,multi_turn,development,why this area?,highlighted_region,findings,english,neutral,False,True,False,case_findings,
NLU_MT_026,multi_turn,development,show it on x-ray,lesion_location,lesion_location,english,neutral,False,True,False,case_location,
NLU_MT_027,multi_turn,development,is this curable?,treatment_request,stage_explanation,english,neutral,True,True,False,clinical_safety,
NLU_MT_028,multi_turn,development,punjabi vich,language_preference,case_report,hinglish,neutral,False,True,False,re-explain_previous_topic_in_punjabi,
NLU_MT_029,multi_turn,development,what about IoU?,model_metrics,model_metrics,english,neutral,False,True,False,technical_metrics,
NLU_MT_030,multi_turn,development,why so low?,model_probability,model_probability,english,neutral,False,True,False,model_confidence_explanation,
NLU_MT_031,multi_turn,development,what about the other teeth?,tooth_information,lesion_location,english,neutral,False,True,False,tooth_details,
NLU_MT_032,multi_turn,development,ye daant kharab karega?,severity_explanation,stage_explanation,hinglish,neutral,False,True,False,severity_assessment,
NLU_MT_033,multi_turn,development,bhai dard ho raha h dawai batao,medication_request,findings,hinglish,neutral,True,True,False,clinical_safety,
NLU_MT_034,multi_turn,development,is this a definitive diagnosis?,diagnosis_request,stage_explanation,english,neutral,True,True,False,clinical_safety,
NLU_MT_035,multi_turn,development,kya surgery lagegi?,treatment_request,findings,hinglish,neutral,True,True,False,clinical_safety,
NLU_MT_036,multi_turn,validation,where is that exactly?,lesion_location,findings,english,neutral,False,True,False,case_location,
NLU_MT_037,multi_turn,validation,what tooth is that?,tooth_information,lesion_location,english,neutral,False,True,False,tooth_details,
NLU_MT_038,multi_turn,validation,does this prove I have caries?,diagnosis_request,staging,english,neutral,True,True,False,clinical_safety,
NLU_MT_039,multi_turn,validation,kuch samajh nahi aya,clarification,stage_explanation,hinglish,neutral,False,True,False,simplify_previous_topic,
NLU_MT_040,multi_turn,validation,punjabi ch dasso,language_preference,stage_explanation,hinglish,neutral,False,True,False,re-explain_previous_topic_in_punjabi,
NLU_MT_041,multi_turn,validation,why not 0.40?,threshold_explanation,threshold_explanation,english,neutral,False,True,False,technical_threshold,
NLU_MT_042,multi_turn,validation,is it definitely a cavity?,definitive_clinical_claim,case_report,english,neutral,True,True,False,clinical_safety,
NLU_MT_043,multi_turn,validation,bhai cordinates kya hai?,lesion_location,lesion_location,hinglish,neutral,False,True,False,case_location,
NLU_MT_044,multi_turn,final_test,what does level 2 indicate?,stage_explanation,findings,english,neutral,False,True,False,explain_stage_general,
NLU_MT_045,multi_turn,final_test,"bro, this is still not clear to me",clarification,stage_explanation,english,neutral,False,True,False,simplify_previous_topic,
NLU_MT_046,multi_turn,final_test,hindi mein samjha,language_preference,stage_explanation,hinglish,neutral,False,True,False,re-explain_previous_topic_in_hindi,
NLU_MT_047,multi_turn,final_test,aur ye level 3 kya darshata hai?,stage_explanation,stage_explanation,hinglish,neutral,False,True,False,explain_stage_general,
NLU_MT_048,multi_turn,final_test,mujhe kaise confirm hoga ki sach me daant me decay hai?,diagnosis_request,stage_explanation,hinglish,neutral,True,True,False,clinical_safety,
NLU_MT_049,multi_turn,final_test,what are the coordinates?,lesion_location,lesion_location,english,neutral,False,True,False,case_location,
NLU_MT_050,multi_turn,final_test,punjabi vich dasso ji,language_preference,lesion_location,hinglish,neutral,False,True,False,re-explain_previous_topic_in_punjabi,
