epoch,train_loss,supervised_loss,consistency_loss,val_loss,val_dice,val_iou,val_precision,val_recall,val_specificity,val_f1,max_foreground_prob,pred_prevalence,zero_pred_patch_ratio,learning_rate,global_step,epoch_duration,cumulative_runtime
1,0.6631,0.6631,0.00023,1.05111,0.0,0.0,0.0,0.0,1.0,0.0,0.04665,0.0,1.0,0.0009955,132,2505.52,2505.52
2,0.65542,0.65542,0.00012,1.04462,0.0,0.0,0.0,0.0,1.0,0.0,0.09699,0.0,1.0,0.000991,264,2152.72,4658.24
3,0.65476,0.65476,9e-05,1.04747,0.0,0.0,0.0,0.0,1.0,0.0,0.0454,0.0,1.0,0.0009865,396,2257.22,6915.46
4,0.65412,0.65412,7e-05,1.04576,0.0,0.0,0.0,0.0,1.0,0.0,0.06628,0.0,1.0,0.000982,528,2091.51,9006.97
5,0.65376,0.65376,8e-05,1.04326,0.0,0.0,0.0,0.0,1.0,0.0,0.10017,0.0,1.0,0.0009775,660,2141.76,11148.73
6,0.65329,0.65329,8e-05,1.03702,0.0,0.0,0.0,0.0,1.0,0.0,0.44112,0.0,1.0,0.000973,792,2137.62,13286.35
7,0.65304,0.65304,0.00012,1.03289,0.0,0.0,0.0,0.0,1.0,0.0,0.39607,0.0,1.0,0.0009684,924,2390.01,15676.37
8,0.65214,0.65214,0.00018,1.03121,0.0,0.0,0.0,0.0,1.0,0.0,0.41888,0.0,1.0,0.0009639,1056,2279.26,17955.62
9,0.65178,0.65177,0.00013,1.033,0.08258,0.04526,0.30307,0.04797,0.99898,0.08258,0.65626,0.001557,0.54,0.0009594,1188,1881.35,19836.97
10,0.64954,0.64954,0.0002,1.04358,0.01034,0.00534,0.10077,0.00627,0.99923,0.01034,0.82999,0.000832,0.62,0.0009549,1320,2303.7,22140.67
11,0.64979,0.64979,0.00025,1.02454,0.03937,0.02056,0.28797,0.02141,0.99954,0.03937,0.72984,0.0007,0.52,0.0009504,1452,2376.08,24516.75
12,0.64803,0.64803,0.00027,1.02303,0.05222,0.02786,0.16998,0.03458,0.99856,0.05222,0.90621,0.001767,0.38,0.0009458,1584,2034.71,26551.46
13,0.64473,0.64473,0.00056,1.01612,0.07489,0.04147,0.22844,0.04985,0.99823,0.07489,0.91467,0.002393,0.4,0.0009413,1716,2283.24,28834.7
14,0.64249,0.64249,0.00047,1.01279,0.1203,0.06623,0.14865,0.11278,0.99373,0.1203,0.96574,0.007357,0.02,0.0009368,1848,2485.38,31320.08
15,0.63941,0.63941,0.00062,0.98476,0.24661,0.14313,0.27416,0.26665,0.99276,0.24661,0.99521,0.009738,0.08,0.0009322,1980,2188.13,33508.21
16,0.63631,0.6363,0.00061,1.00056,0.18415,0.10414,0.20784,0.1719,0.99421,0.18415,0.99049,0.007229,0.02,0.0009277,2112,2384.19,35892.4
17,0.6361,0.63609,0.00065,0.98106,0.23815,0.13978,0.26343,0.23192,0.99363,0.23815,0.98182,0.008728,0.14,0.0009232,2244,2446.72,38339.12
18,0.62718,0.62718,0.00085,0.98183,0.24274,0.14223,0.21971,0.30181,0.98992,0.24274,0.99501,0.012937,0.06,0.0009186,2376,2464.8,40803.92
19,0.62387,0.62387,0.00087,0.96518,0.2811,0.17479,0.2606,0.32693,0.99241,0.2811,0.99881,0.010847,0.06,0.0009141,2508,2123.35,42927.27
20,0.62604,0.62603,0.00078,1.00971,0.09794,0.05948,0.24375,0.06677,0.99892,0.09794,0.98533,0.001599,0.6,0.0009095,2640,2153.05,45080.32
21,0.61596,0.61596,0.00103,0.95662,0.30692,0.18717,0.25157,0.42288,0.98828,0.30692,0.9991,0.015747,0.0,0.000905,2772,1951.3,47031.62
22,0.61271,0.6127,0.00098,1.02429,0.06627,0.03609,0.29588,0.0395,0.99891,0.06627,0.96414,0.001476,0.44,0.0009004,2904,1917.3,48948.93
23,0.61177,0.61177,0.0011,0.96449,0.27511,0.16835,0.35448,0.25676,0.99539,0.27511,0.99818,0.00696,0.08,0.0008959,3036,3535.57,52484.49
24,0.60516,0.60516,0.00092,0.95607,0.30121,0.18786,0.36722,0.26688,0.99617,0.30121,0.99837,0.006405,0.12,0.0008913,3168,1970.76,54455.26
25,0.60354,0.60354,0.00079,0.94827,0.32337,0.19946,0.34578,0.34947,0.99279,0.32337,0.99973,0.010714,0.0,0.0008868,3300,1923.91,56379.17
26,0.60307,0.60307,0.00099,0.94526,0.31384,0.19323,0.47973,0.25024,0.9973,0.31384,0.99785,0.005134,0.22,0.0008822,3432,1882.85,58262.02
27,0.59446,0.59446,0.00082,0.94028,0.34216,0.21116,0.54068,0.27019,0.99736,0.34216,0.99925,0.005378,0.14,0.0008776,3564,1882.92,60144.94
28,0.59411,0.5941,0.00085,0.90569,0.42813,0.27973,0.55484,0.38651,0.99697,0.42813,0.99977,0.006785,0.06,0.0008731,3696,2358.77,62503.71
29,0.59347,0.59346,0.00107,0.90649,0.40265,0.26292,0.40093,0.43188,0.99438,0.40265,0.99993,0.009583,0.02,0.0008685,3828,1961.75,64465.45
30,0.58866,0.58865,0.0009,0.93186,0.34404,0.21643,0.38047,0.36184,0.99459,0.34404,0.99995,0.008732,0.04,0.0008639,3960,1863.81,66329.27
31,0.58939,0.58938,0.00102,0.88806,0.47292,0.31741,0.63925,0.40096,0.99784,0.47292,0.99925,0.006247,0.14,0.0008594,4092,3412.76,69742.02
32,0.58293,0.58292,0.00081,0.87987,0.4598,0.30513,0.68684,0.37482,0.9983,0.4598,0.99981,0.005411,0.14,0.0008548,4224,2114.27,71856.3
33,0.57615,0.57615,0.001,0.87974,0.46682,0.31146,0.57619,0.42692,0.99704,0.46682,0.99994,0.007164,0.08,0.0008502,4356,1876.18,73732.48
34,0.57753,0.57752,0.00096,0.88738,0.44445,0.29217,0.53172,0.41552,0.99649,0.44445,0.99997,0.007675,0.04,0.0008456,4488,2262.64,75995.11
35,0.57658,0.57657,0.00082,0.86513,0.50151,0.33987,0.59906,0.45362,0.99725,0.50151,0.99998,0.007411,0.06,0.000841,4620,2252.31,78247.43
36,0.57216,0.57215,0.00092,0.84715,0.52217,0.36506,0.57172,0.50219,0.99653,0.52217,0.99997,0.008721,0.0,0.0008364,4752,2455.68,80703.1
37,0.56993,0.56993,0.00094,0.86043,0.52467,0.36111,0.56563,0.54175,0.9956,0.52467,0.99999,0.009852,0.06,0.0008318,4884,2266.78,82969.88
38,0.56842,0.56841,0.00097,0.83655,0.54381,0.38166,0.54774,0.5657,0.99575,0.54381,0.99997,0.010231,0.02,0.0008272,5016,2323.46,85293.34
39,0.56141,0.56141,0.00077,0.85881,0.50339,0.34617,0.48825,0.56744,0.99448,0.50339,1.0,0.011267,0.02,0.0008227,5148,2526.18,87819.52
40,0.56752,0.56752,0.00091,0.8449,0.53386,0.37218,0.663,0.46869,0.99783,0.53386,0.99999,0.006831,0.04,0.0008181,5280,2384.78,90204.31
41,0.56063,0.56063,0.00092,0.84177,0.55396,0.38946,0.65775,0.50174,0.9976,0.55396,1.0,0.007501,0.04,0.0008134,5412,1844.59,92048.9
42,0.55778,0.55778,0.00077,0.81258,0.58666,0.42442,0.59132,0.60386,0.99624,0.58666,1.0,0.010199,0.0,0.0008088,5544,1827.03,93875.92
43,0.55204,0.55204,0.00078,0.84646,0.52574,0.3658,0.61315,0.48731,0.99716,0.52574,0.99999,0.007973,0.04,0.0008042,5676,2061.48,95937.41
44,0.55406,0.55406,0.00094,0.82894,0.57664,0.41655,0.60313,0.56483,0.99664,0.57664,1.0,0.00931,0.02,0.0007996,5808,1910.83,97848.24
45,0.5518,0.55179,0.00077,0.85697,0.50935,0.34637,0.50258,0.55505,0.99481,0.50935,1.0,0.010628,0.0,0.000795,5940,2416.32,100264.56
46,0.54642,0.54642,0.00081,0.84146,0.53689,0.37341,0.59871,0.52312,0.99672,0.53689,1.0,0.008393,0.0,0.0007904,6072,2126.92,102391.48
47,0.54809,0.54809,0.00071,0.81087,0.60596,0.44089,0.65513,0.58889,0.99721,0.60596,1.0,0.008794,0.0,0.0007858,6204,2253.67,104645.16
48,0.54399,0.54398,0.00087,0.80131,0.62589,0.46571,0.65427,0.61589,0.99706,0.62589,1.0,0.009517,0.04,0.0007811,6336,2259.17,106904.33
49,0.55002,0.55001,0.00078,0.78805,0.62861,0.46971,0.70238,0.57815,0.99795,0.62861,1.0,0.008299,0.0,0.0007765,6468,2230.37,109134.7
50,0.54513,0.54513,0.00088,0.79937,0.62225,0.46534,0.74837,0.53874,0.9984,0.62225,1.0,0.00755,0.06,0.0007719,6600,2324.8,111459.5
51,0.54234,0.54234,0.00064,0.78535,0.63338,0.47602,0.66695,0.61393,0.99731,0.63338,1.0,0.009341,0.0,0.0007673,6732,1996.58,113456.08
52,0.5347,0.5347,0.00063,0.91567,0.39939,0.27444,0.67299,0.30193,0.99909,0.39939,0.99999,0.004713,0.34,0.0007626,6864,1918.47,115374.55
53,0.53363,0.53362,0.00079,0.78569,0.60254,0.45048,0.71025,0.53381,0.9983,0.60254,1.0,0.007471,0.0,0.000758,6996,1915.84,117290.39
54,0.53167,0.53167,0.00071,0.78875,0.63915,0.48376,0.68022,0.61456,0.99736,0.63915,1.0,0.009443,0.02,0.0007533,7128,2243.72,119534.11
55,0.54006,0.54005,0.00081,0.79215,0.61123,0.45928,0.66149,0.58551,0.99751,0.61123,1.0,0.009041,0.0,0.0007487,7260,2279.51,121813.62
56,0.53109,0.53109,0.00073,0.76388,0.65623,0.49854,0.69009,0.63649,0.99753,0.65623,1.0,0.009385,0.0,0.000744,7392,2065.08,123878.7
57,0.52524,0.52524,0.00073,0.77354,0.65183,0.49247,0.73252,0.60414,0.998,0.65183,1.0,0.008615,0.04,0.0007394,7524,2331.99,126210.69
58,0.53009,0.53009,0.00074,0.77551,0.62491,0.4704,0.761,0.53908,0.99866,0.62491,1.0,0.007315,0.0,0.0007347,7656,2227.36,128438.05
59,0.52852,0.52852,0.00068,0.76695,0.64371,0.49057,0.68927,0.6148,0.99769,0.64371,1.0,0.009171,0.0,0.0007301,7788,2497.1,130935.15
60,0.52689,0.52689,0.00072,0.79526,0.61527,0.45665,0.68624,0.56831,0.99774,0.61527,1.0,0.00842,0.0,0.0007254,7920,2133.63,133068.79
61,0.51999,0.51999,0.00073,0.78326,0.59819,0.45433,0.72518,0.51959,0.99859,0.59819,1.0,0.007494,0.0,0.0007208,8052,2080.74,135149.53
62,0.51114,0.51114,0.00054,0.75727,0.68047,0.5277,0.7833,0.61368,0.99834,0.68047,1.0,0.00864,0.04,0.0007161,8184,2635.89,137785.42
63,0.50764,0.50763,0.00067,0.77114,0.64924,0.49898,0.76377,0.57838,0.99859,0.64924,1.0,0.007763,0.0,0.0007114,8316,2444.83,140230.25
64,0.51213,0.51212,0.00081,0.74711,0.69386,0.54326,0.74689,0.66415,0.99784,0.69386,1.0,0.009486,0.0,0.0007067,8448,2434.38,142664.64
65,0.51418,0.51417,0.00065,0.76417,0.65059,0.49653,0.79586,0.56796,0.99871,0.65059,1.0,0.007662,0.0,0.0007021,8580,2185.97,144850.61
66,0.51085,0.51085,0.00066,0.76232,0.64602,0.48963,0.76381,0.5706,0.99839,0.64602,1.0,0.008068,0.02,0.0006974,8712,2274.71,147125.32
67,0.5052,0.50519,0.00071,0.74069,0.67277,0.516,0.8081,0.58475,0.99877,0.67277,1.0,0.007697,0.02,0.0006927,8844,2233.84,149359.16
68,0.50599,0.50598,0.0007,0.76321,0.65043,0.50591,0.7638,0.58187,0.99843,0.65043,1.0,0.008479,0.0,0.000688,8976,2041.82,151400.98
69,0.50748,0.50747,0.00074,0.75223,0.66711,0.51244,0.67424,0.68418,0.99686,0.66711,1.0,0.010782,0.0,0.0006833,9108,2381.05,153782.03
70,0.50514,0.50513,0.00069,0.77011,0.65438,0.49812,0.64893,0.6759,0.99647,0.65438,1.0,0.010829,0.0,0.0006786,9240,2435.38,156217.4
