case_id,gt_foreground_pixels,E19_dice,E22_dice,dice_diff_e22_minus_e19,E19_recall,E22_recall,E19_precision,E22_precision,E19_pred_pixels,E22_pred_pixels,E19_max_prob,E22_max_prob
1,1717,0.07875,0.0,-0.07875,0.09668,0.0,0.06643,0.0,2499,0,0.80025,0.22038
2,216,0.0,0.0,0.0,0.0,0.0,0.0,0.0,2426,404,0.83914,0.67429
3,466,0.00088,0.0,-0.00088,0.00215,0.0,0.00055,0.0,1804,0,0.72088,0.22596
4,4451,0.19688,0.0,-0.19688,0.14042,0.0,0.32929,0.0,1898,0,0.72974,0.22169
6,54,0.0,0.0,0.0,0.0,0.0,0.0,0.0,1775,0,0.77346,0.21014
7,812,0.02628,0.0,-0.02628,0.04557,0.0,0.01846,0.0,2004,0,0.75887,0.25626
8,1766,0.28431,0.0,-0.28431,0.31144,0.0,0.26153,0.0,2103,0,0.79934,0.1011
9,119,0.0,0.0,0.0,0.0,0.0,0.0,0.0,266,0,0.54976,0.30522
10,2571,0.36012,0.02917,-0.33096,0.3625,0.01556,0.35777,0.23256,2605,172,0.84472,0.64705
11,292,0.24681,0.0,-0.24681,0.72945,0.0,0.14854,0.0,1434,0,0.82518,0.45845
12,175,0.09736,0.0,-0.09736,0.53714,0.0,0.05353,0.0,1756,0,0.78677,0.16589
13,181,0.0,0.0,0.0,0.0,0.0,0.0,0.0,2273,0,0.8978,0.08537
14,584,0.0,0.0,0.0,0.0,0.0,0.0,0.0,357,0,0.65338,0.32638
15,86,0.0568,0.0,-0.0568,0.82558,0.0,0.02941,0.0,2414,0,0.7333,0.09782
16,3538,0.29057,0.0,-0.29057,0.20294,0.0,0.5114,0.0,1404,0,0.79656,0.08578
17,2127,0.0,0.0,0.0,0.0,0.0,0.0,0.0,1621,555,0.85425,0.74379
18,4346,0.02535,0.0,-0.02535,0.01772,0.0,0.04456,0.0,1728,0,0.78655,0.47956
19,222,0.0,0.0,0.0,0.0,0.0,0.0,0.0,1839,0,0.77133,0.31714
20,524,0.0,0.0,0.0,0.0,0.0,0.0,0.0,398,647,0.62214,0.65748
21,172,0.0,0.0,0.0,0.0,0.0,0.0,0.0,2126,0,0.83857,0.23674
23,1862,0.589,0.0,-0.589,0.70999,0.0,0.50324,0.0,2627,0,0.8759,0.49084
24,332,0.13269,0.0,-0.13269,0.41265,0.0,0.07905,0.0,1733,58,0.87282,0.55508
25,5592,0.27837,0.01526,-0.26311,0.22479,0.00769,0.36551,1.0,3439,43,0.84801,0.52586
27,4412,0.42941,0.0,-0.42941,0.36537,0.0,0.52067,0.0,3096,0,0.81698,0.21724
28,912,0.0,0.0,0.0,0.0,0.0,0.0,0.0,454,0,0.71774,0.22374
29,450,0.0,0.0,0.0,0.0,0.0,0.0,0.0,0,0,0.28791,0.18403
30,1074,0.0,0.0,0.0,0.0,0.0,0.0,0.0,1361,0,0.80324,0.17376
31,1128,0.20388,0.0,-0.20388,0.16312,0.0,0.27179,0.0,677,0,0.61527,0.30919
32,446,0.0,0.0,0.0,0.0,0.0,0.0,0.0,348,0,0.60216,0.12378
33,496,0.0,0.0,0.0,0.0,0.0,0.0,0.0,0,414,0.42977,0.69044
34,142,0.0,0.0,0.0,0.0,0.0,0.0,0.0,0,0,0.3959,0.42575
35,2034,0.34068,0.0,-0.34068,0.2355,0.0,0.61568,0.0,778,0,0.80004,0.44802
36,2107,0.54622,0.0,-0.54622,0.40104,0.0,0.85613,0.0,987,0,0.83314,0.18833
37,2287,0.0,0.0,0.0,0.0,0.0,0.0,0.0,1332,195,0.80361,0.6752
38,1810,0.07485,0.0,-0.07485,0.10718,0.0,0.0575,0.0,3374,0,0.87696,0.2377
39,1377,0.34464,0.0,-0.34464,0.41685,0.0,0.29376,0.0,1954,0,0.82471,0.35929
40,348,0.0,0.0,0.0,0.0,0.0,0.0,0.0,914,0,0.83428,0.49373
41,507,0.0454,0.0,-0.0454,0.18738,0.0,0.02583,0.0,3678,0,0.86044,0.36586
42,2452,0.23276,0.0,-0.23276,0.23124,0.0,0.2343,0.0,2420,0,0.7892,0.21672
43,2581,0.0,0.0,0.0,0.0,0.0,0.0,0.0,741,0,0.66888,0.08233
44,196,0.00248,0.0,-0.00248,0.0051,0.0,0.00163,0.0,612,0,0.75495,0.23056
45,603,0.0,0.0,0.0,0.0,0.0,0.0,0.0,2412,31,0.7907,0.52879
46,335,0.14074,0.0,-0.14074,0.55224,0.0,0.08065,0.0,2294,0,0.83085,0.26438
47,1841,0.27086,0.0,-0.27086,0.22922,0.0,0.33098,0.0,1275,9,0.72556,0.51636
48,1989,0.09681,0.0,-0.09681,0.07089,0.0,0.1526,0.0,924,0,0.67926,0.46828
49,2401,0.23905,0.0,-0.23905,0.18409,0.0,0.34079,0.0,1297,0,0.79475,0.21591
50,1674,0.43566,0.0,-0.43566,0.46416,0.0,0.41046,0.0,1893,0,0.77061,0.26646
51,392,0.0,0.0,0.0,0.0,0.0,0.0,0.0,2199,0,0.80857,0.41023
53,6393,0.0,0.0,0.0,0.0,0.0,0.0,0.0,798,0,0.69015,0.09814
54,614,0.02747,0.0,-0.02747,0.02606,0.0,0.02904,0.0,551,138,0.64061,0.57872
