checkpoint,threshold,mean_dice,mean_iou,mean_precision,mean_recall,mean_specificity,mean_f1,pred_prevalence
E19_BEST,0.05,0.08826267404705881,0.049442356093645355,0.051424915339764316,0.5507527659488727,0.899754998591886,0.08826267404705881,0.10490234345197677
E19_BEST,0.1,0.10636255441502844,0.06141468146292455,0.06696715065884758,0.4207574834538519,0.9380532857844205,0.10636255441502844,0.0659370930865407
E19_BEST,0.15,0.11593308711730796,0.06845018827214286,0.0789904110654424,0.3541887625549788,0.9552866653513198,0.11593308711730796,0.04814588746055961
E19_BEST,0.2,0.12041806828920536,0.07232525897149591,0.08812676884314867,0.31158847533442774,0.9658627288514897,0.12041806828920536,0.037161187091842296
E19_BEST,0.25,0.123864916482977,0.07522933875353108,0.09707513896491606,0.2810889696673421,0.9729674202722878,0.123864916482977,0.029755995059385896
E19_BEST,0.3,0.12680341712028093,0.07736709488196024,0.10655839020642442,0.25609962008381454,0.9782605290465797,0.12680341712028093,0.024223225940950215
E19_BEST,0.35,0.12783481145584533,0.07793876320748831,0.11479923807210259,0.23173856198479828,0.9822865047226463,0.12783481145584533,0.01997002491960302
E19_BEST,0.4,0.12778801021550554,0.07784082461329178,0.1233185232650234,0.20860582708128844,0.985670900927799,0.12778801021550554,0.01637830932100769
E19_BEST,0.45,0.12607949058936152,0.0766368566595917,0.1318203584421276,0.18752051477218573,0.9885437292162955,0.12607949058936152,0.013303629541769623
E19_BEST,0.5,0.12190136332007706,0.07372015436576182,0.13982143508689032,0.1651689189653162,0.9909363023527726,0.12190136332007706,0.01070122612407431
E19_BEST,0.55,0.11696153635212235,0.07038417019229289,0.15183827796966765,0.1437226337194206,0.9930944805951377,0.11696153635212235,0.008339979376178235
E19_BEST,0.6,0.10830099196756703,0.0649097046609107,0.174994372827841,0.11925885935293223,0.9950390451123533,0.10830099196756703,0.006173909529206867
E19_BEST,0.65,0.09520849711822316,0.05669081529016382,0.17247404293558852,0.09110316632828978,0.9966576912301878,0.09520849711822316,0.00430162220261991
E19_BEST,0.7,0.07392100204299344,0.043797035528635044,0.1777425531093691,0.060659848889457614,0.9979235800595103,0.07392100204299344,0.002757839622499887
E19_BEST,0.75,0.05262844117387454,0.03091193507431349,0.15868257484006898,0.039332230741443944,0.9989617782295233,0.05262844117387454,0.001464979388329084
E22_LATEST,0.05,0.08440695637908266,0.049059903322110715,0.07560012013318766,0.2205789642668295,0.9676857877209306,0.08440695637908266,0.03431844085454941
E22_LATEST,0.1,0.07546884324613343,0.04495671620075864,0.0843026920924072,0.11993114626121727,0.9862054675482387,0.07546884324613343,0.015019124481932522
E22_LATEST,0.15,0.06537425855882051,0.0393267932876363,0.0968539230997551,0.07882396178426852,0.9924083043098817,0.06537425855882051,0.008429497609613463
E22_LATEST,0.2,0.058565907385964885,0.03628858223443604,0.11546652350854789,0.055961625914596524,0.9955218503874401,0.058565907385964885,0.0050850422895746305
E22_LATEST,0.25,0.04877040707431318,0.03022853065057944,0.10951580866563809,0.04039382222961107,0.9971528616670906,0.04877040707431318,0.0032857258927833756
E22_LATEST,0.3,0.03846630818813943,0.023269322992075535,0.09557299144609974,0.027692457758000426,0.9981354665653182,0.03846630818813943,0.0021621365129976767
E22_LATEST,0.35,0.02740313538415138,0.015858701698592725,0.09761901075739406,0.016927585830815377,0.998781260200924,0.02740313538415138,0.0014120822505356045
E22_LATEST,0.4,0.015081496815877974,0.008246188335010934,0.0953877237416759,0.00850728610272462,0.9991992834637172,0.015081496815877974,0.0008969455404439941
E22_LATEST,0.45,0.005109358001158564,0.002649700982477517,0.06809655562120438,0.0027067721014053837,0.9994720120781473,0.005109358001158564,0.0005674913308757823
E22_LATEST,0.5,0.000888538063822556,0.00044975856006739646,0.02465111357501509,0.00046495408693936094,0.9996471098361099,0.000888538063822556,0.0003615993887069635
E22_LATEST,0.55,0.00023952094911972494,0.00012048192317462637,0.0031683136947389164,0.00012446518380143196,0.9997737442978426,0.00023952094911972494,0.00022664388015982694
E22_LATEST,0.6,3.056935305428532e-05,1.5296366527863613e-05,0.0008695633270362455,1.5558147975178994e-05,0.999881381031907,3.056935305428532e-05,0.00011786567105446011
E22_LATEST,0.65,0.0,0.0,0.0,0.0,0.9999538345532497,0.0,4.5708550314884635e-05
E22_LATEST,0.7,0.0,0.0,0.0,0.0,0.9999885769560422,0.0,1.1257595615461468e-05
E22_LATEST,0.75,0.0,0.0,0.0,0.0,0.9999999993149578,0.0,0.0
