case_id,gt_fg_pixels,pred_fg_pixels,tp,fp,fn,tn,acc,iou,dice,precision,recall,specificity,dice_denom,prec_denom,rec_denom,has_zero_denom,has_nan
1,1717,0,0,0,1717,145739,0.9883558478540339,0.0,0.0,0.0,0.0,0.9999999993138419,1717.0001,0.0001,1717.0001,False,False
2,216,404,0,404,216,146836,0.9957953552274608,0.0,0.0,0.0,0.0,0.9972561797084649,620.0001,404.0001,216.0001,False,False
3,466,0,0,0,466,146990,0.9968397345670303,0.0,0.0,0.0,0.0,0.9999999993196815,466.0001,0.0001,466.0001,False,False
4,4451,0,0,0,4451,143005,0.9698147237346634,0.0,0.0,0.0,0.0,0.9999999993007237,4451.0001,0.0001,4451.0001,False,False
6,54,0,0,0,54,147402,0.99963378838458,0.0,0.0,0.0,0.0,0.9999999993215831,54.0001,0.0001,54.0001,False,False
7,812,0,0,0,812,146644,0.9944932718950105,0.0,0.0,0.0,0.0,0.9999999993180764,812.0001,0.0001,812.0001,False,False
8,1766,0,0,0,1766,145690,0.9880235453368981,0.0,0.0,0.0,0.0,0.999999999313611,1766.0001,0.0001,1766.0001,False,False
9,119,0,0,0,119,147337,0.9991929789230733,0.0,0.0,0.0,0.0,0.9999999993212838,119.0001,0.0001,119.0001,False,False
10,2571,172,40,132,2531,144753,0.9819403747681068,0.014798371631580775,0.029165146585302712,0.23255800432674167,0.015558147975178996,0.9990889319121449,2743.0001,172.0001,2571.0001,False,False
11,292,0,0,0,292,147164,0.9980197475870634,0.0,0.0,0.0,0.0,0.999999999320486,292.0001,0.0001,292.0001,False,False
12,175,0,0,0,175,147281,0.9988132046177753,0.0,0.0,0.0,0.0,0.9999999993210258,175.0001,0.0001,175.0001,False,False
13,181,0,0,0,181,147275,0.9987725145136362,0.0,0.0,0.0,0.0,0.9999999993209981,181.0001,0.0001,181.0001,False,False
14,584,0,0,0,584,146872,0.9960394958522952,0.0,0.0,0.0,0.0,0.999999999319135,584.0001,0.0001,584.0001,False,False
15,86,0,0,0,86,147370,0.9994167744958382,0.0,0.0,0.0,0.0,0.9999999993214358,86.0001,0.0001,86.0001,False,False
16,3538,0,0,0,3538,143918,0.9760064012478255,0.0,0.0,0.0,0.0,0.9999999993051598,3538.0001,0.0001,3538.0001,False,False
17,2127,555,0,555,2127,144774,0.9818115227716664,0.0,0.0,0.0,0.0,0.9961810781081676,2682.0001,555.0001,2127.0001,False,False
18,4346,0,0,0,4346,143110,0.9705268005570972,0.0,0.0,0.0,0.0,0.9999999993012367,4346.0001,0.0001,4346.0001,False,False
19,222,0,0,0,222,147234,0.9984944654686859,0.0,0.0,0.0,0.0,0.9999999993208091,222.0001,0.0001,222.0001,False,False
20,524,647,0,647,524,146285,0.9920586473306894,0.0,0.0,0.0,0.0,0.9955966018324146,1171.0001,647.0001,524.0001,False,False
21,172,0,0,0,172,147284,0.9988335496698448,0.0,0.0,0.0,0.0,0.9999999993210396,172.0001,0.0001,172.0001,False,False
23,1862,0,0,0,1862,145594,0.9873725036706729,0.0,0.0,0.0,0.0,0.9999999993131585,1862.0001,0.0001,1862.0001,False,False
24,332,58,0,58,332,147066,0.9973551425527919,0.0,0.0,0.0,0.0,0.999605774041213,390.0001,58.0001,332.0001,False,False
25,5592,43,43,0,5549,141864,0.9623684346772132,0.0076895563717890485,0.015261756605825082,0.9999976744240129,0.0076895563717890485,0.9999999992950995,5635.0001,43.0001,5592.0001,False,False
27,4412,0,0,0,4412,143044,0.9700792094115673,0.0,0.0,0.0,0.0,0.9999999993009143,4412.0001,0.0001,4412.0001,False,False
28,912,0,0,0,912,146544,0.9938151034926926,0.0,0.0,0.0,0.0,0.9999999993176111,912.0001,0.0001,912.0001,False,False
29,450,0,0,0,450,147006,0.9969482415114012,0.0,0.0,0.0,0.0,0.9999999993197556,450.0001,0.0001,450.0001,False,False
30,1074,0,0,0,1074,146382,0.9927164706809377,0.0,0.0,0.0,0.0,0.9999999993168559,1074.0001,0.0001,1074.0001,False,False
31,1128,0,0,0,1128,146328,0.9923502597436861,0.0,0.0,0.0,0.0,0.9999999993166038,1128.0001,0.0001,1128.0001,False,False
32,446,0,0,0,446,147010,0.9969753682474939,0.0,0.0,0.0,0.0,0.9999999993197741,446.0001,0.0001,446.0001,False,False
33,496,414,0,414,496,146546,0.993828666860739,0.0,0.0,0.0,0.0,0.9971829062349055,910.0001,414.0001,496.0001,False,False
34,142,0,0,0,142,147314,0.9990370001905402,0.0,0.0,0.0,0.0,0.9999999993211779,142.0001,0.0001,142.0001,False,False
35,2034,0,0,0,2034,145422,0.9862060540186862,0.0,0.0,0.0,0.0,0.9999999993123461,2034.0001,0.0001,2034.0001,False,False
36,2107,0,0,0,2107,145349,0.9857109910849942,0.0,0.0,0.0,0.0,0.9999999993120008,2107.0001,0.0001,2107.0001,False,False
37,2287,195,0,195,2287,144974,0.9831678595763021,0.0,0.0,0.0,0.0,0.9986567373208765,2482.0001,195.0001,2287.0001,False,False
38,1810,0,0,0,1810,145646,0.9877251512398783,0.0,0.0,0.0,0.0,0.9999999993134037,1810.0001,0.0001,1810.0001,False,False
39,1377,0,0,0,1377,146079,0.9906616204219145,0.0,0.0,0.0,0.0,0.9999999993154389,1377.0001,0.0001,1377.0001,False,False
40,348,0,0,0,348,147108,0.9976399732817653,0.0,0.0,0.0,0.0,0.9999999993202273,348.0001,0.0001,348.0001,False,False
41,507,0,0,0,507,146949,0.99656168552208,0.0,0.0,0.0,0.0,0.9999999993194918,507.0001,0.0001,507.0001,False,False
42,2452,0,0,0,2452,145004,0.9833713100969975,0.0,0.0,0.0,0.0,0.9999999993103639,2452.0001,0.0001,2452.0001,False,False
43,2581,0,0,0,2581,144875,0.9824964728580075,0.0,0.0,0.0,0.0,0.9999999993097497,2581.0001,0.0001,2581.0001,False,False
44,196,0,0,0,196,147260,0.9986707892532886,0.0,0.0,0.0,0.0,0.999999999320929,196.0001,0.0001,196.0001,False,False
45,603,31,0,31,603,146822,0.9957004116511363,0.0,0.0,0.0,0.0,0.99978890387,634.0001,31.0001,603.0001,False,False
46,335,0,0,0,335,147121,0.9977281351740667,0.0,0.0,0.0,0.0,0.9999999993202874,335.0001,0.0001,335.0001,False,False
47,1841,9,0,9,1841,145606,0.987453883878951,0.0,0.0,0.0,0.0,0.9999381924939476,1850.0001,9.0001,1841.0001,False,False
48,1989,0,0,0,1989,145467,0.9865112297997293,0.0,0.0,0.0,0.0,0.9999999993125588,1989.0001,0.0001,1989.0001,False,False
49,2401,0,0,0,2401,145055,0.9837171759821797,0.0,0.0,0.0,0.0,0.9999999993106062,2401.0001,0.0001,2401.0001,False,False
50,1674,0,0,0,1674,145782,0.9886474602670305,0.0,0.0,0.0,0.0,0.9999999993140443,1674.0001,0.0001,1674.0001,False,False
51,392,0,0,0,392,147064,0.9973415791847455,0.0,0.0,0.0,0.0,0.9999999993200239,392.0001,0.0001,392.0001,False,False
53,6393,0,0,0,6393,141063,0.9566446933616505,0.0,0.0,0.0,0.0,0.9999999992910968,6393.0001,0.0001,6393.0001,False,False
54,614,138,0,138,614,146704,0.9949001729364012,0.0,0.0,0.0,0.0,0.9990602136997179,752.0001,138.0001,614.0001,False,False
