epoch,train_loss,supervised_loss,consistency_loss,val_loss,val_dice,val_iou,val_precision,val_recall,val_specificity,val_f1,learning_rate,global_step,epoch_duration,cumulative_runtime,max_foreground_prob,pred_prevalence
2,0.65381,0.6538,0.01287,1.0463,0.0,0.0,0.0,0.0,1.0,0.0,0.000991,132,943.54,943.54,,
3,0.65269,0.65268,0.00908,1.04959,0.0,0.0,0.0,0.0,1.0,0.0,0.0009865,198,903.9,1847.44,,
4,0.65279,0.65279,0.00095,1.04782,0.0,0.0,0.0,0.0,1.0,0.0,0.000982,264,902.25,2749.69,,
5,0.65223,0.65223,0.00024,1.04425,0.0,0.0,0.0,0.0,1.0,0.0,0.0009775,330,900.98,3650.68,,
6,0.65155,0.65155,0.00082,1.04448,0.0,0.0,0.0,0.0,1.0,0.0,0.000973,396,898.98,4549.66,,
7,0.65133,0.65132,0.00842,1.04203,0.0,0.0,0.0,0.0,1.0,0.0,0.0009684,462,903.45,5453.11,,
8,0.65077,0.65077,0.0021,1.04943,0.0,0.0,0.0,0.0,1.0,0.0,0.0009639,528,905.85,6358.96,,
9,0.65114,0.6511,0.03062,1.04278,0.0,0.0,0.0,0.0,1.0,0.0,0.0009594,594,896.65,7255.6,,
10,0.65061,0.65059,0.01437,1.04202,0.0,0.0,0.0,0.0,1.0,0.0,0.0009549,660,901.53,8157.14,,
11,0.64932,0.64929,0.02587,1.04248,0.0,0.0,0.0,0.0,0.99998,0.0,0.0009504,726,896.62,9053.76,,
12,0.65058,0.65054,0.03429,1.03497,0.0,0.0,0.0,0.0,1.0,0.0,0.0009458,792,954.59,10008.34,0.41575,0.0
13,0.64895,0.64894,0.00901,1.03362,0.0,0.0,0.0,0.0,1.0,0.0,0.0009413,858,982.1,10990.44,0.43925,0.0
14,0.64867,0.64866,0.0096,1.03193,0.0,0.0,0.0,0.0,1.0,0.0,0.0009368,924,975.54,11965.98,0.45431,0.0
15,0.64753,0.6475,0.02386,1.03157,0.01599,0.00854,0.05655,0.01081,0.99926,0.01599,0.0009322,990,969.51,12935.49,0.62435,0.000822
16,0.64728,0.64727,0.00892,1.04353,0.0,0.0,0.0,0.0,0.99996,0.0,0.0009277,1056,1162.55,14098.03,0.57528,4e-05
17,0.6469,0.64689,0.00614,1.02446,0.0419,0.02218,0.17377,0.02444,0.99903,0.0419,0.0009232,1122,1142.78,15240.81,0.73593,0.001261
18,0.6453,0.64527,0.02386,1.0298,0.03942,0.02145,0.19529,0.0236,0.99924,0.03942,0.0009186,1188,1038.59,16279.4,0.63489,0.001017
19,0.64433,0.64427,0.04164,1.01888,0.14705,0.08245,0.15399,0.16582,0.9911,0.14705,0.0009141,1254,1337.25,17616.65,0.8978,0.010466
20,0.64294,0.64288,0.0381,1.01272,0.078,0.04265,0.36258,0.05125,0.99894,0.078,0.0009095,1320,1329.02,18945.67,0.80084,0.001545
21,0.64305,0.64303,0.00959,1.02927,0.02555,0.01353,0.17153,0.0139,0.9996,0.02555,0.000905,1386,1324.69,20270.37,0.82049,0.000557
22,0.64307,0.64301,0.03363,1.03378,0.00235,0.00119,0.05064,0.00123,0.99964,0.00235,0.0009004,1452,1128.14,21398.51,0.74379,0.000366
